Workbook

Sheet Paths
A1: Paste your paths here (one per row, starting at A2)
A2: 1_backend/config/api_router.py
A3: 2_backend/konnaxion/konnected/models.py
A4: 3_backend/konnaxion/konnected/serializers.py
A5: 4_backend/konnaxion/konnected/api_views.py
A6: 5_backend/konnaxion/konnected/admin.py
A7: 6_backend/docker-compose.local.yml
A8: 7_backend/docker-compose.production.yml
A9: 8_frontend/app/konnected/learning-library/offline-content/page.tsx
A10: 9_frontend/modules/insights/hooks/useReportStream.ts
A11: 10_frontend/modules/insights/pages/CustomBuilderPage.tsx
A12: 11_backend/konnaxion/konnected/migrations/0002_offline_packages.py
... A14: 13_frontend/modules/insights/types/liveReportState.ts

Sheet Blocks
A1: Index | B1: Path | C1: Fetch block | D1: Give block
A2: =Concat_Fetch!A2 | B2: =Paths!A2 | C2: =Concat_Fetch!F2 | D2: =Concat_Give!F2
A3: =Concat_Fetch!A3 | B3: =Paths!A3 | C3: =Concat_Fetch!F3 | D3: =Concat_Give!F3
A4: =Concat_Fetch!A4 | B4: =Paths!A4 | C4: =Concat_Fetch!F4 | D4: =Concat_Give!F4
A5: =Concat_Fetch!A5 | B5: =Paths!A5 | C5: =Concat_Fetch!F5 | D5: =Concat_Give!F5
A6: =Concat_Fetch!A6 | B6: =Paths!A6 | C6: =Concat_Fetch!F6 | D6: =Concat_Give!F6
A7: =Concat_Fetch!A7 | B7: =Paths!A7 | C7: =Concat_Fetch!F7 | D7: =Concat_Give!F7
A8: =Concat_Fetch!A8 | B8: =Paths!A8 | C8: =Concat_Fetch!F8 | D8: =Concat_Give!F8
A9: =Concat_Fetch!A9 | B9: =Paths!A9 | C9: =Concat_Fetch!F9 | D9: =Concat_Give!F9
A10: =Concat_Fetch!A10 | B10: =Paths!A10 | C10: =Concat_Fetch!F10 | D10: =Concat_Give!F10
A11: =Concat_Fetch!A11 | B11: =Paths!A11 | C11: =Concat_Fetch!F11 | D11: =Concat_Give!F11
A12: =Concat_Fetch!A12 | B12: =Paths!A12 | C12: =Concat_Fetch!F12 | D12: =Concat_Give!F12
A13: =Concat_Fetch!A13 | B13: =Paths!A13 | C13: =Concat_Fetch!F13 | D13: =Concat_Give!F13
... A201: =Concat_Fetch!A201 | B201: =Paths!A201 | C201: =Concat_Fetch!F201 | D201: =Concat_Give!F201

Sheet Lists
A1: Prefix1 options | B1: Prefix2 options | C1: Suffix options
A2: . .Fetch information you need to code this file, but do not code it now. | B2: [INFO] | C2: - done
A3: Give full final code for this file, after finding context in previous conversation | B3: [WARN] | C3: - pending
A4: File: | B4: [DEBUG] | C4: - error

Sheet Concat_Fetch
A1: Index | B1: Prefix 1 | D1: Path (from Paths sheet) | F1: Full block (auto)
A2: 1 | B2: . .Fetch information you need to code this file, but do not code it now. | D2: =Paths!A2 | F2: =IF(D2<>"",A2&B2&C2&D2&E2,"")
A3: 2 | B3: =$B$2 | D3: =Paths!A3 | F3: =IF(D3<>"",A3&B3&C3&D3&E3,"")
A4: 3 | B4: =$B$2 | D4: =Paths!A4 | F4: =IF(D4<>"",A4&B4&C4&D4&E4,"")
A5: 4 | B5: =$B$2 | D5: =Paths!A5 | F5: =IF(D5<>"",A5&B5&C5&D5&E5,"")
A6: 5 | B6: =$B$2 | D6: =Paths!A6 | F6: =IF(D6<>"",A6&B6&C6&D6&E6,"")
A7: 6 | B7: =$B$2 | D7: =Paths!A7 | F7: =IF(D7<>"",A7&B7&C7&D7&E7,"")
A8: 7 | B8: =$B$2 | D8: =Paths!A8 | F8: =IF(D8<>"",A8&B8&C8&D8&E8,"")
A9: 8 | B9: =$B$2 | D9: =Paths!A9 | F9: =IF(D9<>"",A9&B9&C9&D9&E9,"")
A10: 9 | B10: =$B$2 | D10: =Paths!A10 | F10: =IF(D10<>"",A10&B10&C10&D10&E10,"")
A11: 10 | B11: =$B$2 | D11: =Paths!A11 | F11: =IF(D11<>"",A11&B11&C11&D11&E11,"")
A12: 11 | B12: =$B$2 | D12: =Paths!A12 | F12: =IF(D12<>"",A12&B12&C12&D12&E12,"")
A13: 12 | B13: =$B$2 | D13: =Paths!A13 | F13: =IF(D13<>"",A13&B13&C13&D13&E13,"")
A14: 13 | B14: =$B$2 | D14: =Paths!A14 | F14: =IF(D14<>"",A14&B14&C14&D14&E14,"")
... A87: 86 | B87: =$B$2 | D87: =Paths!A87 | F87: =IF(D87<>"",A87&B87&C87&D87&E87,"")
A88: 87 | B88: =$B$2 | D88: =Paths!A88 | F88: =IF(D88<>"",B88&C88&D88&E88,"")
A89: 88 | B89: =$B$2 | D89: =Paths!A89 | F89: =IF(D89<>"",B89&C89&D89&E89,"")
A90: 89 | B90: =$B$2 | D90: =Paths!A90 | F90: =IF(D90<>"",B90&C90&D90&E90,"")
A91: 90 | B91: =$B$2 | D91: =Paths!A91 | F91: =IF(D91<>"",B91&C91&D91&E91,"")
A92: 91 | B92: =$B$2 | D92: =Paths!A92 | F92: =IF(D92<>"",B92&C92&D92&E92,"")
A93: 92 | B93: =$B$2 | D93: =Paths!A93 | F93: =IF(D93<>"",B93&C93&D93&E93,"")
A94: 93 | B94: =$B$2 | D94: =Paths!A94 | F94: =IF(D94<>"",B94&C94&D94&E94,"")
A95: 94 | B95: =$B$2 | D95: =Paths!A95 | F95: =IF(D95<>"",B95&C95&D95&E95,"")
A96: 95 | B96: =$B$2 | D96: =Paths!A96 | F96: =IF(D96<>"",B96&C96&D96&E96,"")
A97: 96 | B97: =$B$2 | D97: =Paths!A97 | F97: =IF(D97<>"",B97&C97&D97&E97,"")
A98: 97 | B98: =$B$2 | D98: =Paths!A98 | F98: =IF(D98<>"",B98&C98&D98&E98,"")
A99: 98 | B99: =$B$2 | D99: =Paths!A99 | F99: =IF(D99<>"",B99&C99&D99&E99,"")
... A201: 200 | B201: =$B$2 | D201: =Paths!A201 | F201: =IF(D201<>"",B201&C201&D201&E201,"")

Sheet Concat_Give
A1: Index | B1: Prefix 1 | D1: Path (from Paths sheet) | F1: Full block (auto)
A2: 1 | B2: . .Give full final code for this file, after finding context in previous conversation. . | D2: =Paths!A2 | F2: =IF(D2<>"",A2&B2&C2&D2&E2,"")
A3: 2 | B3: =$B$2 | D3: =Paths!A3 | F3: =IF(D3<>"",A3&B3&C3&D3&E3,"")
A4: 3 | B4: =$B$2 | D4: =Paths!A4 | F4: =IF(D4<>"",A4&B4&C4&D4&E4,"")
A5: 4 | B5: =$B$2 | D5: =Paths!A5 | F5: =IF(D5<>"",A5&B5&C5&D5&E5,"")
A6: 5 | B6: =$B$2 | D6: =Paths!A6 | F6: =IF(D6<>"",A6&B6&C6&D6&E6,"")
A7: 6 | B7: =$B$2 | D7: =Paths!A7 | F7: =IF(D7<>"",A7&B7&C7&D7&E7,"")
A8: 7 | B8: =$B$2 | D8: =Paths!A8 | F8: =IF(D8<>"",A8&B8&C8&D8&E8,"")
A9: 8 | B9: =$B$2 | D9: =Paths!A9 | F9: =IF(D9<>"",A9&B9&C9&D9&E9,"")
A10: 9 | B10: =$B$2 | D10: =Paths!A10 | F10: =IF(D10<>"",A10&B10&C10&D10&E10,"")
A11: 10 | B11: =$B$2 | D11: =Paths!A11 | F11: =IF(D11<>"",A11&B11&C11&D11&E11,"")
A12: 11 | B12: =$B$2 | D12: =Paths!A12 | F12: =IF(D12<>"",A12&B12&C12&D12&E12,"")
A13: 12 | B13: =$B$2 | D13: =Paths!A13 | F13: =IF(D13<>"",A13&B13&C13&D13&E13,"")
A14: 13 | B14: =$B$2 | D14: =Paths!A14 | F14: =IF(D14<>"",A14&B14&C14&D14&E14,"")
... A195: 194 | B195: =$B$2 | D195: =Paths!A195 | F195: =IF(D195<>"",A195&B195&C195&D195&E195,"")
A196: 195 | B196: =$B$2 | D196: =Paths!A196 | F196: =IF(D196<>"",B196&C196&D196&E196,"")
A197: 196 | B197: =$B$2 | D197: =Paths!A197 | F197: =IF(D197<>"",B197&C197&D197&E197,"")
A198: 197 | B198: =$B$2 | D198: =Paths!A198 | F198: =IF(D198<>"",B198&C198&D198&E198,"")
A199: 198 | B199: =$B$2 | D199: =Paths!A199 | F199: =IF(D199<>"",B199&C199&D199&E199,"")
A200: 199 | B200: =$B$2 | D200: =Paths!A200 | F200: =IF(D200<>"",B200&C200&D200&E200,"")
A201: 200 | B201: =$B$2 | D201: =Paths!A201 | F201: =IF(D201<>"",B201&C201&D201&E201,"")
